INSERT INTO store (store_id, address, state, phone_number, operation_hours) VALUES (1,"123 Rivian Road","IL", 1234567890, 8);
INSERT INTO store (store_id, address, state, phone_number, operation_hours) VALUES (2,"456 Bruh Road","IL", 0987654321, 8);
INSERT INTO store (store_id, address, state, phone_number, operation_hours) VALUES (3,"789 Brian Road","NY", 1091112222, 8);
INSERT INTO store (store_id, address, state, phone_number, operation_hours) VALUES (4,"123 Brad Road","NY", 1092221112, 8);
INSERT INTO store (store_id, address, state, phone_number, operation_hours) VALUES (5,"456 Mark Road","CA", 1012123233, 8);
INSERT INTO store (store_id, address, state, phone_number, operation_hours) VALUES (6,"789 Shallue Road","CA", 1231231234, 8);
INSERT INTO vendor (vendor_id, vendor_name) VALUES (1,'Pepsi');
INSERT INTO vendor (vendor_id, vendor_name) VALUES (2,'Fed');
INSERT INTO brand (brand_id, brand_name) VALUES (1,'coca');
INSERT INTO brand (brand_id, brand_name) VALUES (2,'fake');
INSERT INTO brand (brand_id, brand_name) VALUES (3,'pesi');
INSERT INTO brand (brand_id, brand_name) VALUES (4,'coconut');
INSERT INTO product (product_id, product_name, source_nation, UPC_code, standard_price) VALUES (1,'Pepsi', 'United States', 111111,'10');
INSERT INTO product (product_id, product_name, source_nation, UPC_code, standard_price) VALUES (2,'coke', 'China', 999999,'20');
INSERT INTO product (product_id, product_name, source_nation, UPC_code, standard_price) VALUES (3,'coconut', 'Vietnam', 987654,'30');
INSERT INTO product (product_id, product_name, source_nation, UPC_code, standard_price) VALUES (4,'rtx3060', 'Taiwan', 888888,'40');
INSERT INTO product (product_id, product_name, source_nation, UPC_code, standard_price) VALUES (5,'slave', 'United States', 777777,'50');
INSERT INTO product (product_id, product_name, source_nation, UPC_code, standard_price) VALUES (6,'master', 'China', 666666,'60');
INSERT INTO product (product_id, product_name, source_nation, UPC_code, standard_price) VALUES (7,'toy', 'United States', 555555,'70');
INSERT INTO product (product_id, product_name, source_nation, UPC_code, standard_price) VALUES (8,'laptop', 'China', 444444,'80');
INSERT INTO product (product_id, product_name, source_nation, UPC_code, standard_price) VALUES (9,'work', 'United States', 333333,'90');
INSERT INTO product (product_id, product_name, source_nation, UPC_code, standard_price) VALUES (10,'job', 'China', 222222,'100');
INSERT INTO product (product_id, product_name, source_nation, UPC_code, standard_price) VALUES (11,'phone', 'United States', 654321,'110');
INSERT INTO product (product_id, product_name, source_nation, UPC_code, standard_price) VALUES (12,'watch', 'China', 123456,'120');
INSERT INTO product_package (packaging_number, size, product_id) VALUES (1, 'L', 1);
INSERT INTO product_package (packaging_number, size, product_id) VALUES (2, 'S', 2);
INSERT INTO product_package (packaging_number, size, product_id) VALUES (3, 'XL', 3);
INSERT INTO product_package (packaging_number, size, product_id) VALUES (4, 'XS', 4);
INSERT INTO product_package (packaging_number, size, product_id) VALUES (5, 'M', 5);
INSERT INTO product_package (packaging_number, size, product_id) VALUES (6, 'M', 6);
INSERT INTO product_package (packaging_number, size, product_id) VALUES (7, 'L', 7);
INSERT INTO product_package (packaging_number, size, product_id) VALUES (8, 'S', 8);
INSERT INTO product_package (packaging_number, size, product_id) VALUES (9, 'S', 9);
INSERT INTO product_package (packaging_number, size, product_id) VALUES (10, 'XL', 10);
INSERT INTO product_package (packaging_number, size, product_id) VALUES (11, 'L', 11);
INSERT INTO product_package (packaging_number, size, product_id) VALUES (12, 'S', 12);
INSERT INTO product_type (product_id, product_type) VALUES (1,"type1");
INSERT INTO product_type (product_id, product_type) VALUES (2,"type2");
INSERT INTO product_type (product_id, product_type) VALUES (3,"type3");
INSERT INTO product_type (product_id, product_type) VALUES (4,"type4");
INSERT INTO product_type (product_id, product_type) VALUES (5,"type5");
INSERT INTO product_type (product_id, product_type) VALUES (6,"type6");
INSERT INTO product_type (product_id, product_type) VALUES (7,"type7");
INSERT INTO product_type (product_id, product_type) VALUES (8,"type8");
INSERT INTO product_type (product_id, product_type) VALUES (9,"type9");
INSERT INTO product_type (product_id, product_type) VALUES (10,"type10");
INSERT INTO product_type (product_id, product_type) VALUES (11,"type11");
INSERT INTO product_type (product_id, product_type) VALUES (12,"type12");
INSERT INTO price (vendor_id, brand_id,product_id,sell_price) VALUES (1,1,1,11);
INSERT INTO price (vendor_id, brand_id,product_id,sell_price) VALUES (2,2,2,21);
INSERT INTO price (vendor_id, brand_id,product_id,sell_price) VALUES (1,3,3,31);
INSERT INTO price (vendor_id, brand_id,product_id,sell_price) VALUES (2,4,4,41);
INSERT INTO price (vendor_id, brand_id,product_id,sell_price) VALUES (1,1,5,51);
INSERT INTO price (vendor_id, brand_id,product_id,sell_price) VALUES (2,2,6,61);
INSERT INTO price (vendor_id, brand_id,product_id,sell_price) VALUES (1,3,7,71);
INSERT INTO price (vendor_id, brand_id,product_id,sell_price) VALUES (2,4,8,81);
INSERT INTO price (vendor_id, brand_id,product_id,sell_price) VALUES (1,1,9,91);
INSERT INTO price (vendor_id, brand_id,product_id,sell_price) VALUES (2,2,10,101);
INSERT INTO price (vendor_id, brand_id,product_id,sell_price) VALUES (1,3,11,111);
INSERT INTO price (vendor_id, brand_id,product_id,sell_price) VALUES (2,4,12,121);
INSERT INTO inventory_space (store_id, product_id, maximum_space, current_stock) VALUES (1,1, 25, 5);
INSERT INTO inventory_space (store_id, product_id, maximum_space, current_stock) VALUES (1,2, 70, 10);
INSERT INTO inventory_space (store_id, product_id, maximum_space, current_stock) VALUES (2,3, 60, 10);
INSERT INTO inventory_space (store_id, product_id, maximum_space, current_stock) VALUES (2,4, 80, 10);
INSERT INTO inventory_space (store_id, product_id, maximum_space, current_stock) VALUES (3,5, 5, 5);
INSERT INTO inventory_space (store_id, product_id, maximum_space, current_stock) VALUES (3,6, 45, 5);
INSERT INTO inventory_space (store_id, product_id, maximum_space, current_stock) VALUES (4,7, 10, 10);
INSERT INTO inventory_space (store_id, product_id, maximum_space, current_stock) VALUES (4,8, 35, 5);
INSERT INTO inventory_space (store_id, product_id, maximum_space, current_stock) VALUES (5,9, 40, 10);
INSERT INTO inventory_space (store_id, product_id, maximum_space, current_stock) VALUES (5,10, 150, 10);
INSERT INTO inventory_space (store_id, product_id, maximum_space, current_stock) VALUES (6,11, 250, 5);
INSERT INTO inventory_space (store_id, product_id, maximum_space, current_stock) VALUES (6,12, 300, 10);
INSERT INTO customers (customer_id, customer_name, address, phone_number) VALUES (1,"Cynthia","123 Grad Road", 1234567890);
INSERT INTO customers (customer_id, customer_name, address, phone_number) VALUES (2,"Shufan","345 Brian Road", 1237890000);
INSERT INTO customers (customer_id, customer_name, address, phone_number) VALUES (3,"Khanh","123 Grad Road", 1457778888);
INSERT INTO customers (customer_id, customer_name, address, phone_number) VALUES (4,"Kierra","345 Brian Road", 1765432190);
INSERT INTO store_price (store_id, product_id, override_price) VALUES (1, 1, 12);
INSERT INTO store_price (store_id, product_id, override_price) VALUES (1, 2, 22);
INSERT INTO store_price (store_id, product_id, override_price) VALUES (2, 3, 32);
INSERT INTO store_price (store_id, product_id, override_price) VALUES (2, 4, 42);
INSERT INTO store_price (store_id, product_id, override_price) VALUES (3, 5, 52);
INSERT INTO store_price (store_id, product_id, override_price) VALUES (3, 6, 62);
INSERT INTO store_price (store_id, product_id, override_price) VALUES (4, 7, 72);
INSERT INTO store_price (store_id, product_id, override_price) VALUES (4, 8, 82);
INSERT INTO store_price (store_id, product_id, override_price) VALUES (5, 9, 92);
INSERT INTO store_price (store_id, product_id, override_price) VALUES (5, 10, 102);
INSERT INTO store_price (store_id, product_id, override_price) VALUES (6, 11, 112);
INSERT INTO store_price (store_id, product_id, override_price) VALUES (6, 12, 122);